Ticker,Full Name,Sector,Sub-Industry,Market Cap,Total Assets,Total Liabilities,Tobin's Q
MMM,3M,Industrials,Industrial Conglomerates,81300594688,39868000000.0,35974000000.0,2.941572054981439
AOS,A. O. Smith,Industrials,Building Products,9768433664,3240000000.0,1356500000.0,3.433621501234568
ABT,Abbott Laboratories,Health Care,Health Care Equipment,223718588416,81414000000.0,33513000000.0,3.1595498122681605
ABBV,AbbVie,Health Care,Biotechnology,405548793856,135161000000.0,131797000000.0,3.9755979450877104
ACN,Accenture,Information Technology,IT Consulting & Other Services,147834912768,55932363000.0,26764115000.0,3.1216100733666483
ADBE,Adobe Inc.,Information Technology,Application Software,139502632960,30230000000.0,16125000000.0,5.148118854118425
AMD,Advanced Micro Devices,Information Technology,Semiconductors,378252394496,69226000000.0,11658000000.0,5.632427043249646
AES,AES Corporation,Utilities,Independent Power Producers & Energy Traders,10381682688,47406000000.0,39702000000.0,1.0564840460701177
AFL,Aflac,Financials,Life & Health Insurance,57606701056,117566000000.0,91468000000.0,1.268008616913053
A,Agilent Technologies,Health Care,Life Sciences Tools & Services,40234377216,11846000000.0,5948000000.0,3.898562993077832
APD,Air Products,Materials,Industrial Gases,56350580736,39574600000.0,20900900000.0,1.9520470386561077
ABNB,Airbnb,Consumer Discretionary,"Hotels, Resorts & Cruise Lines",77086588928,20959000000.0,12547000000.0,4.276615722505845
AKAM,Akamai Technologies,Information Technology,Internet Services & Infrastructure,10447070208,10368785000.0,5490428000.0,1.5370651631796783
ALB,Albemarle Corporation,Materials,Specialty Chemicals,10913914880,16609649000.0,6409961000.0,1.0430007208460577
ARE,Alexandria Real Estate Equities,Real Estate,Office REITs,12802370560,37527449000.0,15128988000.0,0.7442914267900278
ALGN,Align Technology,Health Care,Health Care Supplies,9455846400,6214600000.0,2362615000.0,1.9017251955073537
ALLE,Allegion,Industrials,Building Products,15236898816,4487800000.0,2987100000.0,4.0607867587682165
LNT,Alliant Energy,Utilities,Electric Utilities,17497636864,22714000000.0,15710000000.0,1.4619898240732587
ALL,Allstate,Financials,Property & Casualty Insurance,51612786688,111617000000.0,90250000000.0,1.270978315919618
GOOGL,Alphabet Inc. (Class A),Communication Services,Interactive Media & Services,3066071089152,450256000000.0,125172000000.0,7.087619241391564
GOOG,Alphabet Inc. (Class C),Communication Services,Interactive Media & Services,3066070827008,450256000000.0,125172000000.0,7.0876186591805554
MO,Altria,Consumer Staples,Tobacco,109276913664,35177000000.0,37365000000.0,4.168687314552122
AMZN,Amazon,Consumer Discretionary,Broadline Retail,2272052641792,624894000000.0,338924000000.0,4.17827126167318
AMCR,Amcor,Materials,Paper & Plastic Packaging Products & Materials,18813132800,37066000000.0,25326000000.0,1.1908253601683483
AEE,Ameren,Utilities,Multi-Utilities,28533653504,44598000000.0,32355000000.0,1.3652776694919055
AEP,American Electric Power,Utilities,Electric Utilities,62854426624,103078000000.0,76091900000.0,1.3479726675333243
AXP,American Express,Financials,Consumer Finance,238821179392,271461000000.0,241197000000.0,1.768276766798914
AIG,American International Group,Financials,Multi-line Insurance,42857738240,161322000000.0,118772000000.0,1.0019076024348819
AMT,American Tower,Real Estate,Telecom Tower REITs,89571778560,61077400000.0,51428700000.0,2.308554040610766
AWK,American Water Works,Utilities,Water Utilities,28057122816,32830000000.0,22498000000.0,1.5399062691440755
AMP,Ameriprise Financial,Financials,Asset Management & Custody Banks,44331204608,181403000000.0,176175000000.0,1.2155598562758059
AME,Ametek,Industrials,Electrical Components & Equipment,42835030016,14631169000.0,4975865000.0,3.267742653782483
AMGN,Amgen,Health Care,Biotechnology,160867909632,91839000000.0,85962000000.0,2.6876371653872537
APH,Amphenol,Information Technology,Electronic Components,153408733184,21440200000.0,11584100000.0,7.695489462971428
ADI,Analog Devices,Information Technology,Semiconductors,119481212928,48228277000.0,13051960000.0,2.7480387269070383
AON,Aon plc,Financials,Insurance Brokers,74736181248,48965000000.0,42535000000.0,2.3950001276013477
APA,APA Corporation,Energy,Oil & Gas Exploration & Production,8057351168,19390000000.0,13028000000.0,1.0874343046931407
APO,Apollo Global Management,Financials,Asset Management & Custody Banks,69432606720,377895000000.0,346915000000.0,1.1017547380092354
AAPL,Apple Inc.,Information Technology,"Technology Hardware, Storage & Peripherals",3744081903616,364980000000.0,308030000000.0,11.102284792635214
AMAT,Applied Materials,Information Technology,Semiconductor Materials & Equipment,179236585472,34409000000.0,15408000000.0,5.656792858612572
APP,AppLovin,Information Technology,Application Software,202716561408,5869259000.0,4779441000.0,35.353015160516854
APTV,Aptiv,Consumer Discretionary,Automotive Parts & Equipment,18021801984,23458000000.0,14373000000.0,1.3809703292693325
ACGL,Arch Capital Group,Financials,Property & Casualty Insurance,32287287296,70906000000.0,50086000000.0,1.1617252037345218
ADM,Archer Daniels Midland,Consumer Staples,Agricultural Products & Services,30427815936,53271000000.0,30840000000.0,1.1501157465788139
ANET,Arista Networks,Information Technology,Communications Equipment,179857440768,14043921000.0,4049114000.0,13.09510034754539
AJG,Arthur J. Gallagher & Co.,Financials,Insurance Brokers,71902134272,64255200000.0,44075600000.0,1.8049548405732143
AIZ,Assurant,Financials,Multi-line Insurance,10551525376,35020600000.0,29913900000.0,1.1554749312119152
T,AT&T,Communication Services,Integrated Telecommunication Services,188341157888,394795000000.0,274570000000.0,1.1725355130840056
ATO,Atmos Energy,Utilities,Gas Utilities,28317962240,25194465000.0,13036796000.0,1.6414223616179189
ADSK,Autodesk,Information Technology,Application Software,64679579648,10833000000.0,8212000000.0,6.728660541678205
ADP,Automatic Data Processing,Industrials,Human Resource & Employment Services,113939521536,53369300000.0,47181300000.0,3.018979479513503
AZO,AutoZone,Consumer Discretionary,Automotive Retail,67162783744,17176538000.0,21926152000.0,5.186664259351914
AVB,AvalonBay Communities,Real Estate,Multi-Family Residential REITs,26628472832,21000737000.0,9059645000.0,1.6993745425220077
AVY,Avery Dennison,Materials,Paper & Plastic Packaging Products & Materials,12433385472,8404200000.0,6091900000.0,2.204288983127484
AXON,Axon Enterprise,Industrials,Aerospace & Defense,52651356160,4474588000.0,2146923000.0,12.246553014489825
BKR,Baker Hughes,Energy,Oil & Gas Equipment & Services,44542017536,38363000000.0,21308000000.0,1.716498124130021
BALL,Ball Corporation,Materials,"Metal, Glass & Plastic Containers",13152956416,17628000000.0,11698000000.0,1.4097433864306785
BAC,Bank of America,Financials,Diversified Banks,375852728320,3261519000000.0,2965960000000.0,1.0246185069962799
BAX,Baxter International,Health Care,Health Care Equipment,11859510272,25782000000.0,18758000000.0,1.187553730199364
BDX,Becton Dickinson,Health Care,Health Care Equipment,54201253888,57286000000.0,31397000000.0,1.4942264058932375
BBY,Best Buy,Consumer Discretionary,Computer & Electronics Retail,16747171840,14782000000.0,11974000000.0,1.9429828061155459
TECH,Bio-Techne,Health Care,Life Sciences Tools & Services,9631196160,2557868000.0,639060000.0,4.015162690177914
BIIB,Biogen,Health Care,Biotechnology,20965885952,28049300000.0,11333300000.0,1.151514866752468
BLK,BlackRock,Financials,Asset Management & Custody Banks,180095926272,138615000000.0,89260000000.0,1.9431946490062404
BX,Blackstone Inc.,Financials,Asset Management & Custody Banks,191976488960,43469875000.0,23974860000.0,4.9678391980653265
XYZ,"Block, Inc.",Financials,Transaction & Payment Processing Services,45840715776,36777595000.0,15542633000.0,1.6690419473051459
BK,BNY Mellon,Financials,Asset Management & Custody Banks,74741424128,416064000000.0,374300000000.0,1.0792604602368867
BA,Boeing,Industrials,Aerospace & Defense,161016217600,156363000000.0,160277000000.0,2.0547905681011494
BKNG,Booking Holdings,Consumer Discretionary,"Hotels, Resorts & Cruise Lines",164318756864,27708000000.0,31728000000.0,7.075456794571965
BSX,Boston Scientific,Health Care,Health Care Equipment,147049037824,39395000000.0,17392000000.0,4.174160117375301
BMY,Bristol Myers Squibb,Health Care,Pharmaceuticals,88806064128,92603000000.0,76215000000.0,1.7820271927259377
AVGO,Broadcom,Information Technology,Semiconductors,1649663672320,165645000000.0,97967000000.0,10.55045834356606
BR,Broadridge Financial Solutions,Industrials,Data Processing & Outsourced Services,26727686144,8545000000.0,5889800000.0,3.817142907431246
BRO,Brown & Brown,Financials,Insurance Brokers,28996483072,17612000000.0,11175000000.0,2.2809154594594596
BLDR,Builders FirstSource,Industrials,Building Products,13546420224,10583086000.0,6286616000.0,1.8740314709716996
BG,Bunge Global,Consumer Staples,Agricultural Products & Services,19506046976,24899000000.0,13950000000.0,1.3436703070806058
BXP,"BXP, Inc.",Real Estate,Office REITs,12563647488,26084980000.0,18137324000.0,1.1769597480235752
CHRW,C.H. Robinson,Industrials,Air Freight & Logistics,15043633152,5297926000.0,3575875000.0,3.51449003855471
CDNS,Cadence Design Systems,Information Technology,Application Software,88864432128,8974482000.0,4300904000.0,10.38113800083392
CPT,Camden Property Trust,Real Estate,Multi-Family Residential REITs,10941719552,8852144000.0,4104955000.0,1.6997774270278476
CPB,Campbell's Company (The),Consumer Staples,Packaged Foods & Meats,9187116032,14896000000.0,10992000000.0,1.3546667583243823
COF,Capital One,Financials,Consumer Finance,135155589120,490144000000.0,429360000000.0,1.1517341620421753
CAH,Cardinal Health,Health Care,Health Care Distributors,37160308736,53122000000.0,55756000000.0,1.7491116436881142
KMX,CarMax,Consumer Discretionary,Automotive Retail,6299652608,27404206000.0,21161218000.0,1.0020677339821487
CCL,Carnival,Consumer Discretionary,"Hotels, Resorts & Cruise Lines",37175238656,49057000000.0,39805000000.0,1.5691998829117149
CARR,Carrier Global,Industrials,Building Products,47827484672,37403000000.0,23008000000.0,1.8938450036628078
CAT,Caterpillar Inc.,Industrials,Construction Machinery & Heavy Transportation Equipment,246925869056,87764000000.0,68270000000.0,3.5914027284080032
CBOE,Cboe Global Markets,Financials,Financial Exchanges & Data,25061885952,7789100000.0,3509500000.0,3.668124167362083
CBRE,CBRE Group,Real Estate,Real Estate Services,46751735808,24383000000.0,15191000000.0,2.5404066689086657
CDW,CDW Corporation,Information Technology,Technology Distributors,19980210176,14678400000.0,12325700000.0,2.200914961848703
COR,Cencora,Health Care,Health Care Distributors,62950211584,67101667000.0,66314925000.0,1.9264072319395582
CNC,Centene Corporation,Health Care,Managed Health Care,17322260480,82445000000.0,55935000000.0,0.8885591664746194
CNP,CenterPoint Energy,Utilities,Multi-Utilities,25879564288,43768000000.0,33102000000.0,1.3475956015353683
CF,CF Industries,Materials,Fertilizers & Agricultural Chemicals,13526362112,13466000000.0,5874000000.0,1.4406922703104115
CRL,Charles River Laboratories,Health Care,Life Sciences Tools & Services,8785715200,7528345000.0,4020267000.0,1.7010355131174248
SCHW,Charles Schwab Corporation,Financials,Investment Banking & Brokerage,170884743168,479843000000.0,431468000000.0,1.2553121399457738
CHTR,Charter Communications,Communication Services,Cable & Satellite,34579374080,150020000000.0,130313000000.0,1.099135942407679
CVX,Chevron Corporation,Energy,Integrated Oil & Gas,308429029376,256938000000.0,103781000000.0,1.604317109092466
CMG,Chipotle Mexican Grill,Consumer Discretionary,Restaurants,56129445888,9204374000.0,5548828000.0,6.700974328944043
CB,Chubb Limited,Financials,Property & Casualty Insurance,106932723712,246548000000.0,178154000000.0,1.1563132684588802
CHD,Church & Dwight,Consumer Staples,Household Products,21554497536,8883100000.0,4522300000.0,2.9355515007148405
CI,Cigna,Health Care,Health Care Services,79883567104,155881000000.0,114638000000.0,1.247885034763698
CINF,Cincinnati Financial,Financials,Property & Casualty Insurance,23928719360,36501000000.0,22566000000.0,1.2737930292320758
CTAS,Cintas,Industrials,Diversified Support Services,75591122944,9825241000.0,5140760000.0,8.216783989726054
CSCO,Cisco,Information Technology,Communications Equipment,277237694464,122291000000.0,75448000000.0,2.883987329108438
C,Citigroup,Financials,Diversified Banks,173687341056,2352945000000.0,2143579000000.0,0.9848365945893338
CFG,Citizens Financial Group,Financials,Regional Banks,21274955776,217521000000.0,193267000000.0,0.9863045672647699
CLX,Clorox,Consumer Staples,Household Products,14578733056,5561000000.0,5079000000.0,3.5349277209135046
CME,CME Group,Financials,Financial Exchanges & Data,96558465024,137447000000.0,110960100000.0,1.5098078897611442
CMS,CMS Energy,Utilities,Multi-Utilities,22384304128,35920000000.0,27172000000.0,1.37962984766147
KO,Coca-Cola Company (The),Consumer Staples,Soft Drinks & Non-alcoholic Beverages,294542999552,100549000000.0,74177000000.0,3.667067793334593
CTSH,Cognizant,Information Technology,IT Consulting & Other Services,32273205248,19966000000.0,5558000000.0,1.8947813907642994
COIN,Coinbase,Financials,Financial Exchanges & Data,86336356352,22541951000.0,12265109000.0,4.374131828784474
CL,Colgate-Palmolive,Consumer Staples,Household Products,63946432512,16046000000.0,15502000000.0,4.951292067306494
CMCSA,Comcast,Communication Services,Cable & Satellite,109067788288,266211000000.0,179937000000.0,1.085623014405866
CAG,Conagra Brands,Consumer Staples,Packaged Foods & Meats,8878205952,20933900000.0,12001200000.0,0.9973968516138895
COP,ConocoPhillips,Energy,Oil & Gas Exploration & Production,108008538112,122780000000.0,57984000000.0,1.3519509538361296
ED,Consolidated Edison,Utilities,Multi-Utilities,36494344192,70562000000.0,48600000000.0,1.205951421331595
STZ,Constellation Brands,Consumer Staples,Distillers & Vintners,24581251072,21652300000.0,14517500000.0,1.8057550963177122
CEG,Constellation Energy,Utilities,Electric Utilities,120744755200,52926000000.0,39387000000.0,3.025578263991233
COO,Cooper Companies (The),Health Care,Health Care Supplies,14308279296,12315200000.0,4231600000.0,1.5054468702091723
CPRT,Copart,Industrials,Diversified Support Services,42909216768,10090902000.0,883411000.0,4.339813008589322
GLW,Corning Inc.,Information Technology,Electronic Components,72375713792,27735000000.0,16665000000.0,3.210409727492338
CPAY,Corpay,Financials,Transaction & Payment Processing Services,20157581312,17957031000.0,14811042000.0,1.9473499439857291
CTVA,Corteva,Materials,Fertilizers & Agricultural Chemicals,41696743424,40825000000.0,16795000000.0,1.4327432559461115
CSGP,CoStar Group,Real Estate,Real Estate Services,31345889280,9256800000.0,1703300000.0,3.570260703482845
COST,Costco,Consumer Staples,Consumer Staples Merchandise Retail,414961958912,69831000000.0,46209000000.0,6.604100741962738
CTRA,Coterra,Energy,Oil & Gas Exploration & Production,17399590912,21625000000.0,8503000000.0,1.1978076722312139
CRWD,CrowdStrike,Information Technology,Systems Software,121625403392,8701578000.0,5382661000.0,14.595980682124553
CCI,Crown Castle,Real Estate,Telecom Tower REITs,42449620992,32736000000.0,32869000000.0,2.3007887644183773
CSX,CSX Corporation,Industrials,Rail Transportation,68154208256,42764000000.0,30257000000.0,2.3012629374240015
CMI,Cummins,Industrials,Construction Machinery & Heavy Transportation Equipment,56744419328,31540000000.0,20232000000.0,2.4405966812935955
CVS,CVS Health,Health Care,Health Care Services,104662286336,253215000000.0,177485000000.0,1.1142597647690697
DHR,Danaher Corporation,Health Care,Life Sciences Tools & Services,149697740800,77542000000.0,27992000000.0,2.2915289881612546
DRI,Darden Restaurants,Consumer Discretionary,Restaurants,21889087488,12587000000.0,10275700000.0,2.5553974329069673
DDOG,Datadog,Information Technology,Application Software,53312663552,5785339000.0,3070976000.0,9.745952579788323
DVA,DaVita,Health Care,Health Care Services,9000419328,17285268000.0,15193917000.0,1.3997084874819412
DAY,Dayforce,Industrials,Human Resource & Employment Services,10785522688,9117000000.0,6570700000.0,1.9037208169353954
DECK,Deckers Brands,Consumer Discretionary,Footwear,14807633920,3570252000.0,1057239000.0,4.443628326515888
DE,Deere & Company,Industrials,Agricultural & Farm Machinery,123946033152,107320000000.0,84395000000.0,1.9413066823704808
DELL,Dell Technologies,Information Technology,"Technology Hardware, Storage & Peripherals",100255244288,79746000000.0,81133000000.0,2.2745748286810623
DAL,Delta Air Lines,Industrials,Passenger Airlines,38942699520,75372000000.0,60079000000.0,1.3137730127898954
DVN,Devon Energy,Energy,Oil & Gas Exploration & Production,20148551680,30489000000.0,15785000000.0,1.1785742949916362
DXCM,Dexcom,Health Care,Health Care Equipment,26117539840,6484500000.0,4381900000.0,4.703437403038014
FANG,Diamondback Energy,Energy,Oil & Gas Exploration & Production,40264622080,67292000000.0,27430000000.0,1.0059832087023717
DLR,Digital Realty,Real Estate,Data Center REITs,59993001984,45283616000.0,22107836000.0,1.8130362642417954
DG,Dollar General,Consumer Staples,Consumer Staples Merchandise Retail,23274010624,31132733000.0,23719026000.0,1.5094414173018476
DLTR,Dollar Tree,Consumer Staples,Consumer Staples Merchandise Retail,19670659072,18644000000.0,14666600000.0,1.8417324110705857
D,Dominion Energy,Utilities,Multi-Utilities,51701010432,102415000000.0,72223000000.0,1.2100181656202704
DPZ,Domino's,Consumer Discretionary,Restaurants,14063850496,1737013000.0,5699304000.0,11.377666428518381
DASH,DoorDash,Consumer Discretionary,Specialized Consumer Services,112377864192,12845000000.0,5035000000.0,9.140744584818997
DOV,Dover Corporation,Industrials,Industrial Machinery & Supplies & Components,22832885760,12509160000.0,5555164000.0,2.2693809784190146
DOW,Dow Inc.,Materials,Commodity Chemicals,15516598272,57312000000.0,39461000000.0,0.9592685348967057
DHI,D. R. Horton,Consumer Discretionary,Homebuilding,45818605568,36104300000.0,10279900000.0,1.5537901459936905
DTE,DTE Energy,Utilities,Multi-Utilities,29467088896,48846000000.0,37142000000.0,1.3636549337919175
DUK,Duke Energy,Utilities,Electric Utilities,99948068864,186343000000.0,135088000000.0,1.2613088168806985
DD,DuPont,Materials,Specialty Chemicals,33317285888,36636000000.0,12843000000.0,1.2599706815154492
EMN,Eastman Chemical Company,Materials,Specialty Chemicals,7036930560,15213000000.0,9361000000.0,1.077889342010123
ETN,Eaton Corporation,Industrials,Electrical Components & Equipment,145325686784,38381000000.0,19850000000.0,4.303579551965816
EBAY,eBay Inc.,Consumer Discretionary,Broadline Retail,42048569344,19365000000.0,14207000000.0,2.905012617815647
ECL,Ecolab,Materials,Specialty Chemicals,78493188096,22387800000.0,13598600000.0,4.113480917999982
EIX,Edison International,Utilities,Electric Utilities,21804695552,85579000000.0,67839000000.0,1.0474964132789586
EW,Edwards Lifesciences,Health Care,Health Care Equipment,43821146112,13055300000.0,2992400000.0,3.585788615504814
EA,Electronic Arts,Communication Services,Interactive Home Entertainment,49943580672,12368000000.0,5982000000.0,4.5217966261319535
ELV,Elevance Health,Health Care,Managed Health Care,78535434240,116889000000.0,75463000000.0,1.3174758466579404
EME,Emcor,Industrials,Construction & Engineering,30843015168,7716473000.0,4777779000.0,4.616201491017982
EMR,Emerson Electric,Industrials,Electrical Components & Equipment,72758779904,44246000000.0,16737000000.0,2.0226863423586314
ETR,Entergy,Utilities,Electric Utilities,42783842304,64790032000.0,49605048000.0,1.4259738335057466
EOG,EOG Resources,Energy,Oil & Gas Exploration & Production,57995419648,47186000000.0,17835000000.0,1.6070533558258806
EPAM,EPAM Systems,Information Technology,IT Consulting & Other Services,8049317376,4750473000.0,1119322000.0,1.9300476765155807
EQT,EQT Corporation,Energy,Oil & Gas Exploration & Production,33749334016,39830255000.0,15552119000.0,1.2377890379059837
EFX,Equifax,Industrials,Research & Consulting Services,27954716672,11759400000.0,6839800000.0,2.9588683667534057
EQIX,Equinix,Real Estate,Data Center REITs,79654428672,35085000000.0,21533000000.0,2.884065232207496
EQR,Equity Residential,Real Estate,Multi-Family Residential REITs,24483485696,20834176000.0,9249829000.0,1.619133614691553
ERIE,Erie Indemnity,Financials,Insurance Brokers,16558109696,2888614000.0,901356000.0,6.044236334795857
ESS,Essex Property Trust,Real Estate,Multi-Family Residential REITs,17931556864,12927359000.0,7176120000.0,1.9422123934208062
EL,Estée Lauder Companies (The),Consumer Staples,Personal Care Products,36316786688,19892000000.0,16027000000.0,2.631398888397346
EG,Everest Group,Financials,Reinsurance,14643661824,56341000000.0,42465000000.0,1.0136252786425517
EVRG,Evergy,Utilities,Electric Utilities,17947512832,32282100000.0,22292900000.0,1.2465240127500998
ES,Eversource Energy,Utilities,Electric Utilities,26928115712,59594529000.0,44399574000.0,1.1968831855689304
EXC,Exelon,Utilities,Electric Utilities,48257191936,107784000000.0,80863000000.0,1.1979532392191792
EXE,Expand Energy,Energy,Oil & Gas Exploration & Production,24000321536,27894000000.0,10329000000.0,1.23070630013623
EXPE,Expedia Group,Consumer Discretionary,"Hotels, Resorts & Cruise Lines",26569158656,22388000000.0,19589000000.0,2.061736584598892
EXPD,Expeditors International,Industrials,Air Freight & Logistics,16275365888,4754458000.0,2528674000.0,3.955033336712618
EXR,Extra Space Storage,Real Estate,Self-Storage REITs,33581484032,28847926000.0,13988564000.0,1.6489936930647977
XOM,ExxonMobil,Energy,Integrated Oil & Gas,478506844160,453475000000.0,182869000000.0,1.4584615340647225
FFIV,"F5, Inc.",Information Technology,Communications Equipment,17285853184,5613004000.0,2483626000.0,3.522085354651449
FDS,FactSet,Financials,Financial Exchanges & Data,10838069248,4055040000.0,2142580000.0,3.2011149700126262
FICO,Fair Isaac,Information Technology,Application Software,38789906432,1717884000.0,2680563000.0,24.140436392678435
FAST,Fastenal,Industrials,Trading Companies & Distributors,48745594880,4698000000.0,1081700000.0,10.606065321413368
FRT,Federal Realty Investment Trust,Real Estate,Retail REITs,8587529728,8524757000.0,5100327000.0,1.6056594607916683
FDX,FedEx,Industrials,Air Freight & Logistics,56110206976,87627000000.0,59553000000.0,1.3199494102959133
FIS,Fidelity National Information Services,Financials,Transaction & Payment Processing Services,34921009152,33784000000.0,18084000000.0,1.56893822969453
FITB,Fifth Third Bancorp,Financials,Regional Banks,27027185664,212927000000.0,193282000000.0,1.0346700308744312
FSLR,First Solar,Information Technology,Semiconductors,24865368064,12124361000.0,4146784000.0,2.392880916693259
FE,FirstEnergy,Utilities,Electric Utilities,27120662528,52044000000.0,38324000000.0,1.2574871748520482
FI,Fiserv,Financials,Transaction & Payment Processing Services,66128109568,77176000000.0,49490000000.0,1.498109639888048
F,Ford Motor Company,Consumer Discretionary,Automobile Manufacturers,47439933440,285196000000.0,240338000000.0,1.0090531895257997
FTNT,Fortinet,Information Technology,Systems Software,63937241088,9763100000.0,8269300000.0,7.3958620815109954
FTV,Fortive,Industrials,Industrial Machinery & Supplies & Components,16463447040,17016100000.0,6820500000.0,1.3683480374468886
FOXA,Fox Corporation (Class A),Communication Services,Broadcasting,24449165312,23195000000.0,10840000000.0,1.5214126023712007
FOX,Fox Corporation (Class B),Communication Services,Broadcasting,24449165312,23195000000.0,10840000000.0,1.5214126023712007
BEN,Franklin Resources,Financials,Asset Management & Custody Banks,11567675392,32464500000.0,17899700000.0,0.9076799393799381
FCX,Freeport-McMoRan,Materials,Copper,59125178368,54848000000.0,26070000000.0,1.5532959883313886
GRMN,Garmin,Consumer Discretionary,Consumer Electronics,47929069568,9630527000.0,1782129000.0,5.161835750836896
IT,Gartner,Information Technology,IT Consulting & Other Services,17853198336,8534671000.0,7175502000.0,2.9325911140570033
GE,GE Aerospace,Industrials,Aerospace & Defense,318280269824,123140000000.0,103575000000.0,3.4258183354230956
GEHC,GE HealthCare,Health Care,Health Care Equipment,33808420864,33089000000.0,24437000000.0,1.7602653710900904
GEV,GE Vernova,Industrials,Heavy Electrical Equipment,163334356992,51485000000.0,40892000000.0,3.9667156840244733
GEN,Gen Digital,Information Technology,Systems Software,16332849152,15495000000.0,13226000000.0,1.9076378929977411
GNRC,Generac,Industrials,Electrical Components & Equipment,11177182208,5109331000.0,2611888000.0,2.698801508064363
GD,General Dynamics,Industrials,Aerospace & Defense,89077145600,55880000000.0,33817000000.0,2.1992509949892627
GIS,General Mills,Consumer Staples,Packaged Foods & Meats,25812019200,33071100000.0,23859900000.0,1.5019736023295265
GM,General Motors,Consumer Discretionary,Automobile Manufacturers,55582306304,279761000000.0,214171000000.0,0.9642277025889956
GPC,Genuine Parts Company,Consumer Discretionary,Distributors,18513184768,19282705000.0,14930854000.0,1.7344059750952991
GILD,Gilead Sciences,Health Care,Biotechnology,152383488000,58995000000.0,39749000000.0,3.256758843969828
GPN,Global Payments,Financials,Transaction & Payment Processing Services,20723499008,46890255000.0,23873688000.0,0.9510971311203149
GL,Globe Life,Financials,Life & Health Insurance,10917656576,29076181000.0,23770661000.0,1.1930149140287716
GDDY,GoDaddy,Information Technology,Internet Services & Infrastructure,17823928320,8235400000.0,7543300000.0,3.0802666925710955
GS,Goldman Sachs,Financials,Investment Banking & Brokerage,231837777920,1675972000000.0,1553976000000.0,1.0655391485776613
HAL,Halliburton,Energy,Oil & Gas Equipment & Services,18987450368,25587000000.0,15039000000.0,1.3298335235861962
HIG,Hartford (The),Financials,Property & Casualty Insurance,34994622464,80917000000.0,64470000000.0,1.2292178709541877
HAS,Hasbro,Consumer Discretionary,Leisure Products,10490796032,6340300000.0,5155300000.0,2.467721721685094
HCA,HCA Healthcare,Health Care,Health Care Facilities,99718676480,59513000000.0,58958000000.0,2.6662523562919027
DOC,Healthpeak Properties,Real Estate,Health Care REITs,12890829824,19938255000.0,10880631000.0,1.1922538268268712
HSIC,Henry Schein,Health Care,Health Care Distributors,7637484032,10218000000.0,5381000000.0,1.2740735987473086
HSY,Hershey Company (The),Consumer Staples,Packaged Foods & Meats,38059446272,12946861000.0,8232207000.0,3.5755117222622532
HPE,Hewlett Packard Enterprise,Information Technology,"Technology Hardware, Storage & Peripherals",30294573056,71262000000.0,46382000000.0,1.0759812109679774
HLT,Hilton Worldwide,Consumer Discretionary,"Hotels, Resorts & Cruise Lines",61213876224,16522000000.0,20211000000.0,4.928269956663842
HOLX,Hologic,Health Care,Health Care Equipment,15535986688,9156000000.0,4026000000.0,2.136521044997816
HD,Home Depot (The),Consumer Discretionary,Home Improvement Retail,390091997184,96119000000.0,89479000000.0,4.989346509888784
HON,Honeywell,Industrials,Industrial Conglomerates,128858611712,75196000000.0,56035000000.0,2.458822433533699
HRL,Hormel Foods,Consumer Staples,Packaged Foods & Meats,13216463872,13434729000.0,5430719000.0,1.3879835515848515
HST,Host Hotels & Resorts,Real Estate,Hotel & Resort REITs,11337879552,13048000000.0,6271000000.0,1.349546256284488
HWM,Howmet Aerospace,Industrials,Aerospace & Defense,76465004544,10519000000.0,5965000000.0,7.83629665785721
HPQ,HP Inc.,Information Technology,"Technology Hardware, Storage & Peripherals",25582790656,39909000000.0,41232000000.0,1.6741785225387757
HUBB,Hubbell Incorporated,Industrials,Industrial Machinery & Supplies & Components,22622232576,6679100000.0,3396400000.0,3.8955297234657364
HUM,Humana,Health Care,Managed Health Care,33075953664,46479000000.0,30034000000.0,1.3578165120592096
HBAN,Huntington Bancshares,Financials,Regional Banks,22620555264,204230000000.0,184448000000.0,1.0138988163541105
HII,Huntington Ingalls Industries,Industrials,Aerospace & Defense,10988161024,12141000000.0,7475000000.0,1.520728195700519
IBM,IBM,Information Technology,IT Consulting & Other Services,262017728512,137175000000.0,109782000000.0,2.710404436026973
IEX,IDEX Corporation,Industrials,Industrial Machinery & Supplies & Components,12521027584,6745300000.0,2951200000.0,2.293779014128356
IDXX,Idexx Laboratories,Health Care,Health Care Equipment,50834984960,3293443000.0,1698130000.0,15.950819540523398
ITW,Illinois Tool Works,Industrials,Industrial Machinery & Supplies & Components,72659288064,15067000000.0,11750000000.0,5.602262432070087
INCY,Incyte,Health Care,Biotechnology,17100332032,5444322000.0,1996694000.0,3.507695913650956
IR,Ingersoll Rand,Industrials,Industrial Machinery & Supplies & Components,30691282944,18009800000.0,7764500000.0,2.135269849970572
PODD,Insulet Corporation,Health Care,Health Care Equipment,22426357760,3087700000.0,1876100000.0,7.870731534799365
INTC,Intel,Information Technology,Semiconductors,176064626688,196485000000.0,91453000000.0,1.3615167910425732
IBKR,Interactive Brokers,Financials,Investment Banking & Brokerage,112579133440,150142000000.0,133545000000.0,1.6392757085958627
ICE,Intercontinental Exchange,Financials,Financial Exchanges & Data,87924195328,139428000000.0,111708000000.0,1.431794154172763
IFF,International Flavors & Fragrances,Materials,Specialty Chemicals,16338301952,28667000000.0,14756000000.0,1.0846723393448914
IP,International Paper,Materials,Paper & Plastic Packaging Products & Materials,24593405952,22800000000.0,14627000000.0,1.720193243508772
IPG,Interpublic Group of Companies (The),Communication Services,Advertising,9665770496,18325800000.0,14415700000.0,1.3140747195756801
INTU,Intuit,Information Technology,Application Software,184398839808,36958000000.0,17248000000.0,5.456108009307863
ISRG,Intuitive Surgical,Health Care,Health Care Equipment,159927123968,18743200000.0,2213600000.0,8.650642578001621
IVZ,Invesco,Financials,Asset Management & Custody Banks,10163514368,27008900000.0,11340100000.0,0.7961677213066803
INVH,Invitation Homes,Real Estate,Single-Family Residential REITs,17482993664,18700951000.0,8908442000.0,1.4112349507787063
IQV,IQVIA,Health Care,Life Sciences Tools & Services,34773499904,26899000000.0,20832000000.0,2.067195802966653
IRM,Iron Mountain,Real Estate,Other Specialized REITs,30887518208,18717115000.0,18943618000.0,2.66232996954926
JBHT,J.B. Hunt,Industrials,Cargo Ground Transportation,15696688128,8312270000.0,4297765000.0,2.4054143005460604
JBL,Jabil,Information Technology,Electronic Manufacturing Services,22365327360,17351000000.0,15614000000.0,2.1888840620137167
JKHY,Jack Henry & Associates,Financials,Transaction & Payment Processing Services,11112688640,3043970000.0,913138000.0,3.9507047178520156
J,Jacobs Solutions,Industrials,Construction & Engineering,18574772224,11759005000.0,6371520000.0,2.121462846899036
JNJ,Johnson & Johnson,Health Care,Pharmaceuticals,465339252736,180104000000.0,108614000000.0,3.186787926620175
JCI,Johnson Controls,Industrials,Building Products,71216766976,42695000000.0,25334000000.0,2.2614068854901044
JPM,JPMorgan Chase,Financials,Diversified Banks,810017816576,4002814000000.0,3658056000000.0,1.1162331840989863
K,Kellanova,Consumer Staples,Packaged Foods & Meats,28887830528,15628000000.0,11746000000.0,2.600065941131303
KVUE,Kenvue,Consumer Staples,Personal Care Products,29342578688,25601000000.0,15933000000.0,1.7685082101480412
KDP,Keurig Dr Pepper,Consumer Staples,Soft Drinks & Non-alcoholic Beverages,38076944384,53430000000.0,29187000000.0,1.2589171698296837
KEY,KeyCorp,Financials,Regional Banks,18875666432,187168000000.0,168992000000.0,1.003738173362968
KEYS,Keysight Technologies,Information Technology,Electronic Equipment & Instruments,27873366016,9269000000.0,4164000000.0,3.456399397561765
KMB,Kimberly-Clark,Consumer Staples,Household Products,40291356672,16546000000.0,15571000000.0,3.376184979572102
KIM,Kimco Realty,Real Estate,Retail REITs,14790057984,20309896000.0,9464107000.0,1.194204292528135
KMI,Kinder Morgan,Energy,Oil & Gas Storage & Transportation,60840484864,71407000000.0,39540000000.0,1.4057513249961489
KKR,KKR & Co.,Financials,Asset Management & Custody Banks,108840837120,360099411000.0,298114719000.0,1.130120027105515
KLAC,KLA Corporation,Information Technology,Semiconductor Materials & Equipment,145730011136,16067926000.0,11375473000.0,9.777583251005762
KHC,Kraft Heinz,Consumer Staples,Packaged Foods & Meats,30205452288,88287000000.0,38962000000.0,0.7834386975205863
KR,Kroger,Consumer Staples,Food Retail,45718167552,52616000000.0,44335000000.0,1.7115167924585677
LHX,L3Harris,Industrials,Aerospace & Defense,53110599680,42001000000.0,22422000000.0,1.7983524125616057
LH,Labcorp,Health Care,Health Care Services,23761614848,18379000000.0,10312500000.0,1.8539700118613636
LRCX,Lam Research,Information Technology,Semiconductor Materials & Equipment,178448678912,21345260000.0,11483641000.0,8.898102900222344
LW,Lamb Weston,Consumer Staples,Packaged Foods & Meats,9059305472,7392600000.0,5654900000.0,1.9903965414062712
LVS,Las Vegas Sands,Consumer Discretionary,Casinos & Gaming,33320460288,20666000000.0,17506000000.0,2.4594241889093196
LDOS,Leidos,Industrials,Diversified Support Services,23672139776,13104000000.0,8644000000.0,2.4661278827838826
LEN,Lennar,Consumer Discretionary,Homebuilding,31821651968,41312781000.0,13291556000.0,1.0919915550589538
LII,Lennox International,Industrials,Building Products,18368241664,3471800000.0,2621600000.0,6.045809569675672
LLY,Lilly (Eli),Health Care,Pharmaceuticals,719702392832,78714900000.0,64443300000.0,9.96184576023091
LIN,Linde plc,Materials,Industrial Gases,211426623488,80147000000.0,40659000000.0,3.1452908217150983
LYV,Live Nation Entertainment,Communication Services,Movies & Entertainment,35996340224,19638771000.0,17693476000.0,2.733868439323418
LKQ,LKQ Corporation,Consumer Discretionary,Distributors,7729087488,14955000000.0,8923000000.0,1.1134796046807087
LMT,Lockheed Martin,Industrials,Aerospace & Defense,115600220160,55617000000.0,49284000000.0,2.964637074275851
L,Loews Corporation,Financials,Multi-line Insurance,20499951616,81943000000.0,64006000000.0,1.031277249014559
LOW,Lowe's,Consumer Discretionary,Home Improvement Retail,137233850368,43102000000.0,57333000000.0,4.51410260238504
LULU,Lululemon Athletica,Consumer Discretionary,"Apparel, Accessories & Luxury Goods",19853010944,7603292000.0,3279245000.0,3.0424000477687825
LYB,LyondellBasell,Materials,Specialty Chemicals,14856939520,35746000000.0,23158000000.0,1.0634739416997705
MTB,M&T Bank,Financials,Regional Banks,28233172992,208105000000.0,179078000000.0,0.9961854496143774
MPC,Marathon Petroleum,Energy,Oil & Gas Refining & Marketing,56082628608,78858000000.0,54352000000.0,1.400423908899541
MAR,Marriott International,Consumer Discretionary,"Hotels, Resorts & Cruise Lines",70809772032,26182000000.0,29174000000.0,3.818798106790925
MMC,Marsh McLennan,Financials,Insurance Brokers,92881977344,56481000000.0,42946000000.0,2.404843705741754
MLM,Martin Marietta Materials,Materials,Construction Materials,37715378176,18170000000.0,8714000000.0,2.55527672955421
MAS,Masco,Industrials,Building Products,14209510400,5016000000.0,5069000000.0,3.8434031897926633
MA,Mastercard,Financials,Transaction & Payment Processing Services,507123499008,48081000000.0,41566000000.0,11.411773860942992
MTCH,Match Group,Communication Services,Interactive Media & Services,7803376128,4465771000.0,4529428000.0,2.761629319550868
MKC,McCormick & Company,Consumer Staples,Packaged Foods & Meats,18122610688,13070300000.0,7753500000.0,1.9797640978401414
MCD,McDonald's,Consumer Discretionary,Restaurants,219854389248,55182000000.0,58979000000.0,5.0529772253270995
MCK,McKesson Corporation,Health Care,Health Care Distributors,97766129664,75140000000.0,76834000000.0,2.323664222305031
MDT,Medtronic,Health Care,Health Care Equipment,122855645184,91680000000.0,43424000000.0,1.8136959553228622
MRK,Merck & Co.,Health Care,Pharmaceuticals,211787055104,117106000000.0,70734000000.0,2.4125241670281623
META,Meta Platforms,Communication Services,Interactive Media & Services,1800991932416,276054000000.0,93417000000.0,6.862457824976273
MET,MetLife,Financials,Life & Health Insurance,52177944576,677457000000.0,649754000000.0,1.0361276724220134
MTD,Mettler Toledo,Health Care,Life Sciences Tools & Services,27793872896,3239999000.0,3366889000.0,9.617522072074713
MGM,MGM Resorts,Consumer Discretionary,Casinos & Gaming,8595792896,42231627000.0,38511671000.0,1.1154546306255262
MCHP,Microchip Technology,Information Technology,Semiconductors,35152035840,15374600000.0,8296300000.0,2.8259815435848736
MU,Micron Technology,Information Technology,Semiconductors,227164684288,69416000000.0,24285000000.0,3.6223591720640775
MSFT,Microsoft,Information Technology,Systems Software,3817525739520,619003000000.0,275524000000.0,6.612326175349716
MAA,Mid-America Apartment Communities,Real Estate,Multi-Family Residential REITs,15926758400,11812369000.0,5664705000.0,1.8278690244099216
MRNA,Moderna,Health Care,Biotechnology,10159005696,14142000000.0,3241000000.0,0.9475325764389761
MHK,Mohawk Industries,Consumer Discretionary,Home Furnishings,7913120256,12778600000.0,5221700000.0,1.02787631321115
MOH,Molina Healthcare,Health Care,Managed Health Care,10443255808,15630000000.0,11134000000.0,1.3805026108765195
TAP,Molson Coors Beverage Company,Consumer Staples,Brewers,9367352320,26064300000.0,12611600000.0,0.8432588759337485
MDLZ,Mondelez International,Consumer Staples,Packaged Foods & Meats,80819830784,68497000000.0,41539000000.0,1.7863385372206082
MPWR,Monolithic Power Systems,Information Technology,Semiconductors,48114700288,3617097000.0,471330000.0,13.432327164021313
MNST,Monster Beverage,Consumer Staples,Soft Drinks & Non-alcoholic Beverages,68564787200,7719089000.0,1761371000.0,9.11068109203042
MCO,Moody's Corporation,Financials,Financial Exchanges & Data,84485095424,15505000000.0,11778000000.0,6.208519537181554
MS,Morgan Stanley,Financials,Investment Banking & Brokerage,252443983872,1215071000000.0,1109643000000.0,1.1209937393551488
MOS,Mosaic Company (The),Materials,Fertilizers & Agricultural Chemicals,9305532416,22924000000.0,11309300000.0,0.8992685576688187
MSI,Motorola Solutions,Information Technology,Communications Equipment,74138730496,14595000000.0,12876000000.0,5.961954813018157
MSCI,MSCI Inc.,Financials,Financial Exchanges & Data,41340108800,5445439000.0,6385436000.0,8.764315383938742
NDAQ,"Nasdaq, Inc.",Financials,Financial Exchanges & Data,50832519168,30395000000.0,19195000000.0,2.303915748248067
NTAP,NetApp,Information Technology,"Technology Hardware, Storage & Peripherals",23768561664,10823000000.0,9783000000.0,3.1000241766608148
NFLX,Netflix,Communication Services,Movies & Entertainment,509639655424,53630374000.0,28886807000.0,10.041445215802522
NEM,Newmont,Materials,Gold,99706273792,56349000000.0,26240000000.0,2.235111071926742
NWSA,News Corp (Class A),Communication Services,Publishing,15258609664,15504000000.0,6115000000.0,1.378586794633643
NWS,News Corp (Class B),Communication Services,Publishing,15258609664,15504000000.0,6115000000.0,1.378586794633643
NEE,NextEra Energy,Utilities,Multi-Utilities,174071988224,190144000000.0,129283000000.0,1.5953960589027263
NKE,"Nike, Inc.",Consumer Discretionary,"Apparel, Accessories & Luxury Goods",99586424832,36579000000.0,23366000000.0,3.3612844755734166
NI,NiSource,Utilities,Multi-Utilities,20364478464,31788100000.0,21119800000.0,1.305025417184418
NDSN,Nordson Corporation,Industrials,Industrial Machinery & Supplies & Components,13110511616,6000966000.0,3068774000.0,2.696113528388596
NSC,Norfolk Southern,Industrials,Rail Transportation,65023062016,43682000000.0,29376000000.0,2.1610517379240877
NTRS,Northern Trust,Financials,Asset Management & Custody Banks,23798255616,155508400000.0,142720000000.0,1.0707991054888353
NOC,Northrop Grumman,Industrials,Aerospace & Defense,85122277376,49359000000.0,34069000000.0,2.414783066431654
NCLH,Norwegian Cruise Line Holdings,Consumer Discretionary,"Hotels, Resorts & Cruise Lines",10443456512,19969811000.0,18544372000.0,1.4515825168300291
NRG,NRG Energy,Utilities,Independent Power Producers & Energy Traders,32639514624,24022000000.0,21544000000.0,2.2555788287403216
NUE,Nucor,Materials,Steel,30248179712,33940000000.0,12523000000.0,1.2601997558043607
NVDA,Nvidia,Information Technology,Semiconductors,4460857262080,111601000000.0,32274000000.0,40.26067205562674
NVR,"NVR, Inc.",Consumer Discretionary,Homebuilding,21107517440,6380988000.0,2170916000.0,3.648092339305449
NXPI,NXP Semiconductors,Information Technology,Semiconductors,54040764416,24385000000.0,14854000000.0,2.825292779003486
ORLY,O’Reilly Automotive,Consumer Discretionary,Automotive Retail,86207266816,14893741000.0,16264702000.0,6.880203490580372
OXY,Occidental Petroleum,Energy,Oil & Gas Exploration & Production,40263585792,85445000000.0,50965000000.0,1.0676878201416116
ODFL,Old Dominion,Industrials,Cargo Ground Transportation,29011609600,5491395000.0,1246807000.0,5.510151172880479
OMC,Omnicom Group,Communication Services,Advertising,15017398272,29620700000.0,24445800000.0,1.3322844589088036
ON,ON Semiconductor,Information Technology,Semiconductors,21483403264,14089800000.0,5275300000.0,1.899154229584522
OKE,Oneok,Energy,Oil & Gas Storage & Transportation,42880081920,64069000000.0,41936000000.0,1.323824032215268
ORCL,Oracle Corporation,Information Technology,Application Software,830464393216,168361000000.0,147392000000.0,5.808093282981213
OTIS,Otis Worldwide,Industrials,Industrial Machinery & Supplies & Components,35829063680,11316000000.0,16044000000.0,4.584045924354895
PCAR,Paccar,Industrials,Construction Machinery & Heavy Transportation Equipment,49722040320,43418900000.0,25912000000.0,1.741961227023255
PKG,Packaging Corporation of America,Materials,Paper & Plastic Packaging Products & Materials,18295386112,8833200000.0,4429200000.0,2.5726334863922475
PLTR,Palantir Technologies,Information Technology,Application Software,422632816640,6340884000.0,1246477000.0,66.84861190332452
PANW,Palo Alto Networks,Information Technology,Systems Software,140714688512,23576200000.0,15751800000.0,6.63662882534081
PSKY,Paramount Skydance Corporation,Communication Services,Movies & Entertainment,18382493696,46172000000.0,29390000000.0,1.0346637290132548
PH,Parker Hannifin,Industrials,Industrial Machinery & Supplies & Components,92831465472,29494000000.0,15803000000.0,3.6832733936393844
PAYX,Paychex,Industrials,Human Resource & Employment Services,45548204032,16564100000.0,12436100000.0,3.5006009401054086
PAYC,Paycom,Industrials,Human Resource & Employment Services,11290135552,5859900000.0,4284000000.0,2.657747666683732
PYPL,PayPal,Financials,Transaction & Payment Processing Services,64402063360,81611000000.0,61194000000.0,1.5389599852960998
PNR,Pentair,Industrials,Industrial Machinery & Supplies & Components,17834080256,6446500000.0,2883600000.0,3.2137873661676877
PEP,PepsiCo,Consumer Staples,Soft Drinks & Non-alcoholic Beverages,210173870080,99467000000.0,81296000000.0,2.9303172919661797
PFE,Pfizer,Health Care,Pharmaceuticals,139352850432,213396000000.0,124899000000.0,1.2383167933419559
PCG,PG&E Corporation,Utilities,Multi-Utilities,36088487936,133660000000.0,103259000000.0,1.0425519073469998
PM,Philip Morris International,Consumer Staples,Tobacco,246034497536,61784000000.0,71654000000.0,5.141921816910527
PSX,Phillips 66,Energy,Oil & Gas Refining & Marketing,52241145856,72582000000.0,44119000000.0,1.327603894298862
PNW,Pinnacle West Capital,Utilities,Multi-Utilities,11124647936,26102760000.0,19245282000.0,1.163475813898607
PNC,PNC Financial Services,Financials,Diversified Banks,70393241600,560038000000.0,505569000000.0,1.0284342162496116
POOL,Pool Corporation,Consumer Discretionary,Distributors,10830058496,3368184000.0,2094719000.0,3.8373133700534177
PPG,PPG Industries,Materials,Specialty Chemicals,22924349440,19433000000.0,12471000000.0,1.8214042834353934
PPL,PPL Corporation,Utilities,Electric Utilities,27687450624,41069000000.0,26992000000.0,1.3314044808493024
PFG,Principal Financial Group,Financials,Life & Health Insurance,17516281856,313663600000.0,302194600000.0,1.01927951428218
PG,Procter & Gamble,Consumer Staples,Personal Care Products,354349481984,125231000000.0,72947000000.0,3.4120663572438135
PGR,Progressive Corporation,Financials,Property & Casualty Insurance,132297703424,105745000000.0,80154000000.0,2.0090945522152346
PLD,Prologis,Real Estate,Industrial REITs,115228631040,95328909000.0,36712139000.0,1.593858270632259
PRU,Prudential Financial,Financials,Life & Health Insurance,35430096896,735587000000.0,705461000000.0,1.0072106996126902
PEG,Public Service Enterprise Group,Utilities,Electric Utilities,42297008128,54640000000.0,38526000000.0,1.479191217569546
PTC,PTC Inc.,Information Technology,Application Software,24301148160,6383542000.0,3169144000.0,4.303299353243074
PSA,Public Storage,Real Estate,Self-Storage REITs,53971046400,19754934000.0,9941282000.0,3.2352590193416995
PHM,PulteGroup,Consumer Discretionary,Homebuilding,24553680896,17363763000.0,5241799000.0,1.715957531555804
PWR,Quanta Services,Industrials,Construction & Engineering,64646225920,18683894000.0,11354177000.0,4.067696108744783
QCOM,Qualcomm,Information Technology,Semiconductors,176362553344,55154000000.0,28880000000.0,3.7212632509700114
DGX,Quest Diagnostics,Health Care,Health Care Services,21191659520,16153000000.0,9257000000.0,1.8850157568253576
RL,Ralph Lauren Corporation,Consumer Discretionary,"Apparel, Accessories & Luxury Goods",19853826048,7047300000.0,4458800000.0,3.4499206856526614
RJF,Raymond James Financial,Financials,Investment Banking & Brokerage,32198518784,82992000000.0,71325000000.0,1.2473915411605938
RTX,RTX Corporation,Industrials,Aerospace & Defense,211422674944,162861000000.0,100903000000.0,1.917743811864105
O,Realty Income,Real Estate,Retail REITs,54803505152,68835039000.0,29783353000.0,1.2288343172435772
REG,Regency Centers,Real Estate,Retail REITs,13194633216,12391961000.0,5491654000.0,1.5079362512519205
REGN,Regeneron Pharmaceuticals,Health Care,Biotechnology,61266038784,37759400000.0,8405800000.0,1.8451521683077592
RF,Regions Financial Corporation,Financials,Regional Banks,21040631808,157302000000.0,139392000000.0,1.019902047068696
RSG,Republic Services,Industrials,Environmental & Facilities Services,68631281664,32402000000.0,20995000000.0,2.76607251601753
RMD,ResMed,Health Care,Health Care Equipment,39125250048,8174391000.0,2206532000.0,5.056252147468845
RVTY,Revvity,Health Care,Health Care Equipment,10843499520,12392478000.0,4725604000.0,1.2563349735218412
HOOD,Robinhood Markets,Financials,Investment Banking & Brokerage,115447783424,26187000000.0,18215000000.0,5.104165556344751
ROK,Rockwell Automation,Industrials,Electrical Components & Equipment,39088943104,11232100000.0,7556900000.0,4.152904897926478
ROL,"Rollins, Inc.",Industrials,Environmental & Facilities Services,27052605440,2819695000.0,1489102000.0,10.122267635329353
ROP,Roper Technologies,Information Technology,Electronic Equipment & Instruments,54293323776,31334700000.0,12467100000.0,2.130558894005687
ROST,Ross Stores,Consumer Discretionary,Apparel Retail,50836119552,14905332000.0,9396137000.0,4.040987248858328
RCL,Royal Caribbean Group,Consumer Discretionary,"Hotels, Resorts & Cruise Lines",81572495360,37070000000.0,29335000000.0,2.991839637442676
SPGI,S&P Global,Financials,Financial Exchanges & Data,144464904192,60221000000.0,22713000000.0,2.7760732002457615
CRM,Salesforce,Information Technology,Application Software,231412154368,102928000000.0,41755000000.0,2.6539634926161977
SBAC,SBA Communications,Real Estate,Telecom Tower REITs,21074204672,11417336000.0,16473142000.0,3.2886258819045002
SLB,Schlumberger,Energy,Oil & Gas Equipment & Services,48749219840,48935000000.0,26585000000.0,1.5394752189639318
STX,Seagate Technology,Information Technology,"Technology Hardware, Storage & Peripherals",48003047424,8023000000.0,8476000000.0,7.039641957372554
SRE,Sempra,Utilities,Multi-Utilities,59564212224,96155000000.0,58367000000.0,1.226469889490926
NOW,ServiceNow,Information Technology,Systems Software,187514175488,20383000000.0,10774000000.0,9.728115365157239
SHW,Sherwin-Williams,Materials,Specialty Chemicals,82464497664,23632600000.0,19581400000.0,4.31801400032159
SPG,Simon Property Group,Real Estate,Retail REITs,67176796160,32405691000.0,28806239000.0,2.961919101185036
SWKS,Skyworks Solutions,Information Technology,Semiconductors,11179564032,8283300000.0,1946600000.0,1.58465394613258
SJM,J.M. Smucker Company (The),Consumer Staples,Packaged Foods & Meats,11233947648,17563300000.0,11480700000.0,1.293301808202331
SW,Smurfit Westrock,Materials,Paper & Plastic Packaging Products & Materials,21615978496,43759000000.0,26372000000.0,1.0966424848831098
SNA,Snap-on,Industrials,Industrial Machinery & Supplies & Components,17669566464,7896800000.0,2479800000.0,2.5515862708945396
SOLV,Solventum,Health Care,Health Care Technology,12511664128,14457000000.0,11498000000.0,1.660763929445943
SO,Southern Company,Utilities,Electric Utilities,107584634880,145180000000.0,108506000000.0,1.488432531202645
LUV,Southwest Airlines,Industrials,Passenger Airlines,17604292608,33750000000.0,23400000000.0,1.2149420032
SWK,Stanley Black & Decker,Industrials,Industrial Machinery & Supplies & Components,10502652928,21848900000.0,13129000000.0,1.0815946307594433
SBUX,Starbucks,Consumer Discretionary,Restaurants,97028718592,31339300000.0,38780900000.0,4.333524315859001
STT,State Street Corporation,Financials,Asset Management & Custody Banks,31430600704,353240000000.0,327914000000.0,1.0172817367908504
STLD,Steel Dynamics,Materials,Steel,21013454848,14935233000.0,5989987000.0,1.8080361952170414
STE,Steris,Health Care,Health Care Equipment,23658430464,10146811000.0,3531054000.0,2.6796088410437524
SYK,Stryker Corporation,Health Care,Health Care Equipment,143143501824,42971000000.0,22337000000.0,3.850980936538596
SMCI,Supermicro,Information Technology,"Technology Hardware, Storage & Peripherals",31009179648,14018429000.0,7716558000.0,2.7624876973018875
SYF,Synchrony Financial,Financials,Consumer Finance,25750751232,119463000000.0,102883000000.0,1.076766456827637
SNPS,Synopsys,Information Technology,Application Software,83148537856,13073561000.0,4050355000.0,6.669865452572562
SYY,Sysco,Consumer Staples,Food Distributors,38237532160,26774000000.0,24917000000.0,2.3588007828490327
TMUS,T-Mobile US,Communication Services,Wireless Telecommunication Services,258092335104,208035000000.0,146294000000.0,1.943837984492994
TROW,T. Rowe Price,Financials,Asset Management & Custody Banks,22784471040,13472000000.0,2021900000.0,1.8413280166270785
TTWO,Take-Two Interactive,Communication Services,Interactive Home Entertainment,48211288064,9180700000.0,7043000000.0,6.0185266988356005
TPR,"Tapestry, Inc.",Consumer Discretionary,"Apparel, Accessories & Luxury Goods",24182382592,6580500000.0,5722700000.0,4.544500051971735
TRGP,Targa Resources,Energy,Oil & Gas Storage & Transportation,31992571904,22734100000.0,18315900000.0,2.212908006210934
TGT,Target Corporation,Consumer Staples,Consumer Staples Merchandise Retail,41277616128,57769000000.0,43103000000.0,1.4606556479772888
TEL,TE Connectivity,Information Technology,Electronic Manufacturing Services,65886466048,22854000000.0,10368000000.0,3.336591670954756
TDY,Teledyne Technologies,Information Technology,Electronic Equipment & Instruments,26363527168,14200500000.0,4645100000.0,2.1836292502376677
TER,Teradyne,Information Technology,Semiconductor Materials & Equipment,21977600000,3708714000.0,889420000.0,6.165754490640152
TSLA,"Tesla, Inc.",Consumer Discretionary,Automobile Manufacturers,1460772012032,122070000000.0,48390000000.0,12.363086852068486
TXN,Texas Instruments,Information Technology,Semiconductors,160535445504,35509000000.0,18606000000.0,5.044958897856882
TPL,Texas Pacific Land Corporation,Energy,Oil & Gas Exploration & Production,21577205760,1248020000.0,115555000.0,17.381741286197336
TXT,Textron,Industrials,Aerospace & Defense,14498783232,16838000000.0,9634000000.0,1.4332333550302887
TMO,Thermo Fisher Scientific,Health Care,Life Sciences Tools & Services,203502714880,97321000000.0,47649000000.0,2.5806528383391045
TJX,TJX Companies,Consumer Discretionary,Apparel Retail,160085098496,31749000000.0,23356000000.0,5.777854373240102
TKO,TKO Group Holdings,Communication Services,Movies & Entertainment,15546869760,12699936000.0,3981405000.0,1.5376671787952316
TTD,Trade Desk (The),Communication Services,Advertising,24437364736,6111951000.0,3162806000.0,4.515770943844282
TSCO,Tractor Supply,Consumer Discretionary,Other Specialty Retail,29253332992,9805485000.0,7535151000.0,3.751827063322212
TT,Trane Technologies,Industrials,Building Products,92526338048,20146700000.0,12659800000.0,5.221010788268054
TDG,TransDigm Group,Industrials,Aerospace & Defense,71332700160,25586000000.0,31869000000.0,4.033522244977722
TRV,Travelers Companies (The),Financials,Property & Casualty Insurance,58444849152,133189000000.0,105325000000.0,1.2296049159615283
TRMB,Trimble Inc.,Information Technology,Electronic Equipment & Instruments,18418806784,9488300000.0,3743000000.0,2.3356983636689397
TFC,Truist Financial,Financials,Diversified Banks,54495875072,531176000000.0,467497000000.0,0.9827117096254349
TYL,Tyler Technologies,Information Technology,Application Software,21873170432,5180015000.0,1791593000.0,4.568473919863166
TSN,Tyson Foods,Consumer Staples,Packaged Foods & Meats,18670776320,37100000000.0,18586000000.0,1.004225776819407
USB,U.S. Bancorp,Financials,Diversified Banks,71093641216,678318000000.0,619278000000.0,1.0177698973283917
UBER,Uber,Industrials,Passenger Ground Transportation,192484147200,51244000000.0,28768000000.0,4.317620544844274
UDR,"UDR, Inc.",Real Estate,Multi-Family Residential REITs,13618460672,10897586000.0,6436691000.0,1.8403297456886323
ULTA,Ulta Beauty,Consumer Discretionary,Other Specialty Retail,23921715200,6001693000.0,3513340000.0,4.571219354272203
UNP,Union Pacific Corporation,Industrials,Rail Transportation,134069649408,67715000000.0,50825000000.0,2.730482897555933
UAL,United Airlines Holdings,Industrials,Passenger Airlines,32095383552,74083000000.0,61408000000.0,1.2621435896494473
UPS,United Parcel Service,Industrials,Air Freight & Logistics,73238495232,70070000000.0,53327000000.0,1.8062722310832025
URI,United Rentals,Industrials,Trading Companies & Distributors,63078207488,28163000000.0,19541000000.0,2.9336081911728153
UNH,UnitedHealth Group,Health Care,Managed Health Care,322963210240,298278000000.0,195687000000.0,1.7388148312647933
UHS,Universal Health Services,Health Care,Health Care Facilities,13017929728,14469749000.0,7706933000.0,1.4322890278193492
VLO,Valero Energy,Energy,Oil & Gas Refining & Marketing,49011527680,60143000000.0,32622000000.0,1.3573238395158207
VTR,Ventas,Real Estate,Health Care REITs,32094756864,26186906000.0,15357310000.0,1.81205320185592
VLTO,Veralto,Industrials,Environmental & Facilities Services,25501009920,6406000000.0,4361000000.0,4.661568829222603
VRSN,Verisign,Information Technology,Internet Services & Infrastructure,24733661184,1406500000.0,3364400000.0,19.977291990046215
VRSK,Verisk Analytics,Industrials,Research & Consulting Services,32461377536,4264700000.0,4159700000.0,8.58702312847328
VZ,Verizon,Communication Services,Integrated Telecommunication Services,170971971584,384711000000.0,284136000000.0,1.1829866356407797
VRTX,Vertex Pharmaceuticals,Health Care,Biotechnology,106866188288,22533200000.0,6123600000.0,5.014369387747856
VTRS,Viatris,Health Care,Pharmaceuticals,11856919552,41500900000.0,22865400000.0,0.8366642543173762
VICI,Vici Properties,Real Estate,Hotel & Resort REITs,32908173312,45368940000.0,18417139000.0,1.1312874471389458
V,Visa Inc.,Financials,Transaction & Payment Processing Services,663588700160,94511000000.0,55374000000.0,7.607185408682588
VST,Vistra Corp.,Utilities,Electric Utilities,68221472768,37770000000.0,32187000000.0,2.658418659465184
VMC,Vulcan Materials Company,Materials,Construction Materials,39022870528,17104800000.0,8962300000.0,2.8053628530003274
WRB,W. R. Berkley Corporation,Financials,Property & Casualty Insurance,28086630400,40567268000.0,32159829000.0,1.4851002389414047
GWW,W. W. Grainger,Industrials,Industrial Machinery & Supplies & Components,45679312896,8829000000.0,5126000000.0,5.754367753539472
WAB,Wabtec,Industrials,Construction Machinery & Heavy Transportation Equipment,33190559744,18702000000.0,8569000000.0,2.2328927250561437
WMT,Walmart,Consumer Staples,Consumer Staples Merchandise Retail,858915274752,260823000000.0,163131000000.0,3.918543513233112
DIS,Walt Disney Company (The),Communication Services,Movies & Entertainment,198977339392,196219000000.0,90697000000.0,1.476280785204287
WBD,Warner Bros. Discovery,Communication Services,Broadcasting,45034295296,104560000000.0,69622000000.0,1.0965598249426167
WM,Waste Management,Industrials,Environmental & Facilities Services,86801874944,44567000000.0,36313000000.0,2.7624671829829244
WAT,Waters Corporation,Health Care,Life Sciences Tools & Services,19916177408,4553795000.0,2725288000.0,4.971999268302592
WEC,WEC Energy Group,Utilities,Electric Utilities,37606871040,47363200000.0,34561300000.0,1.5237182251199244
WFC,Wells Fargo,Financials,Diversified Banks,262243450880,1929845000000.0,1748779000000.0,1.0420642335938897
WELL,Welltower,Real Estate,Health Care REITs,117104730112,51044308000.0,18471722000.0,2.65605426783335
WST,West Pharmaceutical Services,Health Care,Health Care Supplies,19458123776,3643400000.0,961100000.0,5.604441943239831
WDC,Western Digital,Information Technology,"Technology Hardware, Storage & Peripherals",43260792832,14002000000.0,8462000000.0,3.6939574940722752
WY,Weyerhaeuser,Real Estate,Timber REITs,17020443648,16536000000.0,6815000000.0,1.4414274097726174
WSM,"Williams-Sonoma, Inc.",Consumer Discretionary,Homefurnishing Retail,22575056896,5301607000.0,3159188000.0,4.854046121487315
WMB,Williams Companies,Energy,Oil & Gas Storage & Transportation,76274745344,54532000000.0,39692000000.0,2.12658155475684
WTW,Willis Towers Watson,Financials,Insurance Brokers,32205469696,27681000000.0,19664000000.0,1.8738293304432643
WDAY,"Workday, Inc.",Information Technology,Application Software,62544748544,17977000000.0,8943000000.0,3.9766228260555154
WYNN,Wynn Resorts,Consumer Discretionary,Casinos & Gaming,12249474048,12977963000.0,13946566000.0,2.018501674569422
XEL,Xcel Energy,Utilities,Multi-Utilities,48000151552,70035000000.0,50513000000.0,1.40662742274577
XYL,Xylem Inc.,Industrials,Industrial Machinery & Supplies & Components,35515908096,16493000000.0,5611000000.0,2.4935977745710303
YUM,Yum! Brands,Consumer Discretionary,Restaurants,40312057856,6727000000.0,14375000000.0,8.129486822654972
ZBRA,Zebra Technologies,Information Technology,Electronic Equipment & Instruments,14913391616,7968000000.0,4382000000.0,2.421610393574297
ZBH,Zimmer Biomet,Health Care,Health Care Equipment,20189941760,21365300000.0,8889100000.0,1.361040648153782
ZTS,Zoetis,Health Care,Pharmaceuticals,63845011456,14237000000.0,9467000000.0,5.149400256795674
